keyword,imported,subject
grow tomatoes,False,tomatoes
grow tomatoes at home,False,tomatoes
grow tomatoes all year round,False,tomatoes
grow tomatoes and cucumbers together,False,tomatoes
grow tomatoes and peppers together,False,tomatoes
grow tomatoes at home in pots,False,tomatoes
grow tomatoes apartment,False,tomatoes
grow tomatoes aerogarden,False,tomatoes
grow tomatoes and beans together,False,tomatoes
grow tomatoes against wall,False,tomatoes
grow tomatoes and strawberries together,False,tomatoes
grow tomatoes balcony,False,tomatoes
grow tomatoes brisbane,False,tomatoes
grow tomatoes bag,False,tomatoes
grow tomatoes bottle,False,tomatoes
grow tomatoes bucket,False,tomatoes
grow tomatoes bunnings,False,tomatoes
grow tomatoes basement,False,tomatoes
grow bags tomatoes,False,tomatoes
grow big tomatoes,False,tomatoes
tomatoes grow bags or pots,False,tomatoes
grow tomatoes container,False,tomatoes
grow tomatoes containers,False,tomatoes
grow tomatoes calgary,False,tomatoes
grow tomatoes commercially,False,tomatoes
grow tomatoes canberra,False,tomatoes
grow tomatoes colorado,False,tomatoes
grow tomatoes climate,False,tomatoes
grow cherry tomatoes,False,tomatoes
grow cherry tomatoes indoors,False,tomatoes
grow cherry tomatoes in pots,False,tomatoes
grow tomatoes dragon quest builders 2,False,tomatoes
grow tomatoes during winter,False,tomatoes
don't grow tomatoes near,False,tomatoes
grow tomatoes upside down,False,tomatoes
grow dank tomatoes,False,tomatoes
grow determinate tomatoes,False,tomatoes
grow dwarf tomatoes,False,tomatoes
grow delicious tomatoes,False,tomatoes
tomatoes grow days,False,tomatoes
grow tomatoes on deck,False,tomatoes
grow tomatoes easily,False,tomatoes
grow tomatoes easy,False,tomatoes
grow tomatoes easily blog,False,tomatoes
grow early tomatoes,False,tomatoes
grow evergreen tomatoes,False,tomatoes
grow tomatoes in egg carton,False,tomatoes
grow tomatoes in earthbox,False,tomatoes
grow cherry tomatoes easy,False,tomatoes
grow cook eat tomatoes,False,tomatoes
do tomatoes grow every year,False,tomatoes
grow tomatoes from seed,False,tomatoes
grow tomatoes from tomatoes,False,tomatoes
grow tomatoes from slices,False,tomatoes
grow tomatoes from seeds indoors,False,tomatoes
grow tomatoes from cuttings,False,tomatoes
grow tomatoes from store bought,False,tomatoes
grow tomatoes from scraps,False,tomatoes
grow tomatoes from seed or plant,False,tomatoes
grow tomatoes from fresh seeds,False,tomatoes
grow tomatoes from plants,False,tomatoes
grow tomatoes greenhouse,False,tomatoes
grow tomatoes gardeners world,False,tomatoes
grow tomatoes greenhouse winter,False,tomatoes
growing tomatoes grow bags,False,tomatoes
grow tomatoes in small greenhouse,False,tomatoes
grow tomatoes in grow bags,False,tomatoes
grow tomatoes in grow bag,False,tomatoes
grow grape tomatoes,False,tomatoes
grow green tomatoes,False,tomatoes
grow grape tomatoes indoors,False,tomatoes
grow tomatoes hydroponically,False,tomatoes
grow tomatoes hanging,False,tomatoes
grow tomatoes horizontally,False,tomatoes
grow tomatoes hydroponically outdoors,False,tomatoes
grow tomatoes hanging basket,False,tomatoes
grow tomatoes houston,False,tomatoes
grow tomatoes hydroponic,False,tomatoes
grow tomatoes how long,False,tomatoes
grow tomatoes home,False,tomatoes
grow tomatoes hawaii,False,tomatoes
grow tomatoes indoors,False,tomatoes
grow tomatoes in pots,False,tomatoes
grow tomatoes in buckets,False,tomatoes
grow tomatoes in greenhouse,False,tomatoes
grow tomatoes in florida,False,tomatoes
grow tomatoes inside,False,tomatoes
grow tomatoes ireland,False,tomatoes
grow tomatoes in winter,False,tomatoes
grow tomatoes in hanging baskets,False,tomatoes
grow joy tomatoes,False,tomatoes
grow tomatoes in jugs,False,tomatoes
grow tomatoes in mason jars,False,tomatoes
grow tomatoes in milk jugs,False,tomatoes
how to grow juicy tomatoes,False,tomatoes
how to grow juliet tomatoes,False,tomatoes
how to grow jersey tomatoes,False,tomatoes
how to grow jam tomatoes,False,tomatoes
how to grow jubilee tomatoes,False,tomatoes
how to grow jetstar tomatoes,False,tomatoes
grow tomatoes kit,False,tomatoes
grow kumato tomatoes,False,tomatoes
grow tomatoes indoors kit,False,tomatoes
grow your own tomatoes kit,False,tomatoes
grow your own tomatoes kit uk,False,tomatoes
grow with kare tomatoes,False,tomatoes
how to grow tomatoes kenya,False,tomatoes
grow your own cherry tomatoes kit,False,tomatoes
how to grow ky1 tomatoes,False,tomatoes
how to grow killer tomatoes,False,tomatoes
grow tomatoes lights,False,tomatoes
grow tomatoes lettuces,False,tomatoes
grow tomatoes lattice,False,tomatoes
grow tomatoes large,False,tomatoes
grow light tomatoes indoors,False,tomatoes
grow lights tomatoes indoors,False,tomatoes
grow tomatoes with led lights,False,tomatoes
best grow light tomatoes,False,tomatoes
grow light tomatoes,False,tomatoes
grow tomatoes melbourne,False,tomatoes
grow tomatoes malaysia,False,tomatoes
grow tomatoes meme,False,tomatoes
grow tomatoes months,False,tomatoes
grow tomatoes mn,False,tomatoes
how to grow tomatoes minecraft,False,tomatoes
miracle gro tomatoes,False,tomatoes
tomatoes grow in how many days,False,tomatoes
grow more tomatoes,False,tomatoes
grow more tomatoes not leaves,False,tomatoes
grow tomatoes not leaves,False,tomatoes
grow tomatoes nz,False,tomatoes
grow tomatoes next to,False,tomatoes
grow tomatoes not foliage,False,tomatoes
grow tomatoes nsw,False,tomatoes
what to grow near tomatoes,False,tomatoes
grow cherry tomatoes nz,False,tomatoes
youtube grow tomatoes not foliage,False,tomatoes
grow tomatoes in nj,False,tomatoes
grow tomatoes on balcony,False,tomatoes
grow tomatoes outside,False,tomatoes
grow tomatoes on a trellis,False,tomatoes
grow tomatoes on patio,False,tomatoes
grow tomatoes outdoors uk,False,tomatoes
grow tomatoes on string,False,tomatoes
grow tomatoes on windowsill,False,tomatoes
grow tomatoes on porch,False,tomatoes
grow tomatoes on fence,False,tomatoes
grow tomatoes perth,False,tomatoes
grow tomatoes pots,False,tomatoes
grow tomatoes pot,False,tomatoes
grow tomatoes patio,False,tomatoes
grow tomatoes phoenix,False,tomatoes
grow tomatoes pollination,False,tomatoes
grow piccolo tomatoes,False,tomatoes
grow potted tomatoes,False,tomatoes
grow tomatoes in pots australia,False,tomatoes
grow tomatoes in plastic bottles,False,tomatoes
grow tomatoes quickly,False,tomatoes
grow tomatoes in qld,False,tomatoes
do tomatoes grow quickly,False,tomatoes
how to grow tomatoes quickcrop,False,tomatoes
how to grow tomatoes questions,False,tomatoes
quad grow tomatoes,False,tomatoes
how to grow quality tomatoes,False,tomatoes
grow tomatoes raised bed,False,tomatoes
grow tomatoes rhs,False,tomatoes
grow tomatoes ropes,False,tomatoes
grow room tomatoes,False,tomatoes
grow roma tomatoes,False,tomatoes
grow roma tomatoes indoors,False,tomatoes
grow roma tomatoes in pots,False,tomatoes
grow roma tomatoes from seed,False,tomatoes
grow rapunzel tomatoes,False,tomatoes
grow roma tomatoes from scraps,False,tomatoes
grow tomatoes scotland,False,tomatoes
grow tomatoes skyrim,False,tomatoes
grow tomatoes sideways,False,tomatoes
grow tomatoes sims 4,False,tomatoes
grow tomatoes string,False,tomatoes
grow tomatoes step by step,False,tomatoes
grow tomatoes successfully,False,tomatoes
grow tomatoes seeds,False,tomatoes
grow tomatoes singapore,False,tomatoes
grow tomatoes sydney,False,tomatoes
grow tomatoes trellis,False,tomatoes
grow tomatoes tips,False,tomatoes
grow tomatoes temperature,False,tomatoes
grow tomatoes texas,False,tomatoes
grow tomatoes types,False,tomatoes
grow tomatoes top,False,tomatoes
tomatoes grow time,False,tomatoes
grow tasty tomatoes,False,tomatoes
grow tomatoes in the winter,False,tomatoes
grow tomatoes from the fruit,False,tomatoes
grow tomatoes uk,False,tomatoes
grow tomatoes up string,False,tomatoes
grow tomatoes under lights,False,tomatoes
grow tomatoes upside down youtube,False,tomatoes
grow tomatoes up,False,tomatoes
grow tomatoes under shade cloth,False,tomatoes
grow tomatoes upside down as seen on tv,False,tomatoes
grow tomatoes upside down 5 gallon bucket,False,tomatoes
grow tomatoes up sunflowers,False,tomatoes
grow tomatoes vertically,False,tomatoes
grow tomatoes video,False,tomatoes
grow tomatoes vines,False,tomatoes
grow vine tomatoes,False,tomatoes
how to grow vertical tomatoes,False,tomatoes
growveg tomatoes,False,tomatoes
grow vegetables tomatoes,False,tomatoes
grow tomatoes in vegepod,False,tomatoes
grow tomatoes in las vegas,False,tomatoes
can you grow tomatoes vertically,False,tomatoes
grow tomatoes without greenhouse,False,tomatoes
grow tomatoes without cages,False,tomatoes
grow tomatoes with grow light,False,tomatoes
grow tomatoes with,False,tomatoes
grow tomatoes without soil,False,tomatoes
grow tomatoes with cucumbers,False,tomatoes
grow tomatoes winter,False,tomatoes
grow tomatoes with lights,False,tomatoes
grow tomatoes water,False,tomatoes
grow tomatoes year round,False,tomatoes
grow tomatoes youtube,False,tomatoes
grow tomatoes year round greenhouse,False,tomatoes
grow tomatoes year round indoors,False,tomatoes
grow tomatoes year round southern california,False,tomatoes
grow your tomatoes,False,tomatoes
grow tomatoes on your patio,False,tomatoes
grow tomatoes all year round melbourne,False,tomatoes
grow big tomatoes youtube,False,tomatoes
grow tomatoes on your balcony,False,tomatoes
grow tomatoes zone 9,False,tomatoes
grow tomatoes zone,False,tomatoes
grow tomatoes zone 4,False,tomatoes
how to grow tomatoes zone 6,False,tomatoes
how to grow zebra tomatoes,False,tomatoes
grow potatoes,False,potatoes
grow potatoes at home,False,potatoes
grow potatoes above ground,False,potatoes
grow potatoes australia,False,potatoes
grow potatoes and tomatoes together,False,potatoes
grow potatoes and onions together,False,potatoes
grow potatoes all year round,False,potatoes
grow after potatoes,False,potatoes
potatoes grow at,False,potatoes
grow potatoes the easy way,False,potatoes
grow potatoes in a bag,False,potatoes
grow potatoes bag,False,potatoes
grow potatoes bucket,False,potatoes
grow potatoes brisbane,False,potatoes
grow potatoes balcony,False,potatoes
grow potatoes behind your ears,False,potatoes
grow potatoes bunnings,False,potatoes
grow potatoes barrel,False,potatoes
grow potatoes box,False,potatoes
grow potatoes backyard garden,False,potatoes
grow potatoes backyard,False,potatoes
grow potatoes container,False,potatoes
grow potatoes cardboard box,False,potatoes
grow potatoes colorado,False,potatoes
grow potatoes carrots,False,potatoes
grow potatoes canberra,False,potatoes
grow potatoes clay soil,False,potatoes
grow potatoes commercially,False,potatoes
grow potatoes climate,False,potatoes
grow potatoes cheap,False,potatoes
grow potatoes canada,False,potatoes
grow potatoes dayz,False,potatoes
grow potatoes during winter,False,potatoes
grow potatoes dustbin,False,potatoes
potatoes grow deep,False,potatoes
grow potatoes stranded deep,False,potatoes
potatoes do grow,False,potatoes
grow desiree potatoes,False,potatoes
grow potatoes no dig method,False,potatoes
grow potatoes no dig,False,potatoes
grow potatoes in drum,False,potatoes
grow potatoes easy,False,potatoes
grow potatoes eyes,False,potatoes
grow potatoes early,False,potatoes
grow potatoes experiment,False,potatoes
potatoes grow ears,False,potatoes
grow potatoes in earthbox,False,potatoes
grow potatoes in edmonton,False,potatoes
if potatoes grow eyes are they bad,False,potatoes
grow cook eat potatoes,False,potatoes
grow potatoes from potatoes,False,potatoes
grow potatoes from eyes,False,potatoes
grow potatoes from store bought,False,potatoes
grow potatoes from seed,False,potatoes
grow potatoes from scraps,False,potatoes
grow potatoes from sprouts,False,potatoes
grow potatoes from supermarket,False,potatoes
grow potatoes from old potatoes,False,potatoes
grow potatoes from peelings,False,potatoes
grow potatoes florida,False,potatoes
grow potatoes greenhouse,False,potatoes
grow potatoes grow bag,False,potatoes
grow potatoes garden,False,potatoes
grow potatoes grocery store,False,potatoes
grow potatoes in ground,False,potatoes
grow potatoes in grow bags,False,potatoes
grow giant potatoes,False,potatoes
grow gold potatoes,False,potatoes
grow potatoes in georgia,False,potatoes
grow potatoes in grass clippings,False,potatoes
grow potatoes hydroponically,False,potatoes
grow potatoes how long,False,potatoes
grow potatoes how to,False,potatoes
grow potatoes home,False,potatoes
grow potatoes home garden,False,potatoes
grow potatoes healthy,False,potatoes
grow potatoes in a hamper,False,potatoes
potatoes grow hay,False,potatoes
grow potatoes in house,False,potatoes
grow and harvest potatoes,False,potatoes
grow potatoes in a bucket,False,potatoes
grow potatoes indoors,False,potatoes
grow potatoes in containers,False,potatoes
grow potatoes in pots,False,potatoes
grow potatoes in straw,False,potatoes
grow potatoes in florida,False,potatoes
grow potatoes in texas,False,potatoes
grow potatoes in tires,False,potatoes
grow potatoes in a barrel,False,potatoes
grow jacket potatoes,False,potatoes
grow jazzy potatoes,False,potatoes
grow potatoes in july,False,potatoes
grow potatoes in a jar,False,potatoes
how to grow jersey potatoes,False,potatoes
how to grow japanese potatoes,False,potatoes
how to grow jumbo potatoes,False,potatoes
can i grow jacket potatoes,False,potatoes
grow potatoes kit,False,potatoes
grow kipfler potatoes,False,potatoes
grow kennebec potatoes,False,potatoes
grow own potatoes kit,False,potatoes
grow potatoes indoors kit,False,potatoes
grow potatoes starter kit,False,potatoes
grow your own potatoes kit,False,potatoes
grow bags for potatoes kits,False,potatoes
how to grow potatoes ks2,False,potatoes
how to grow potatoes kenya,False,potatoes
grow potatoes laundry basket,False,potatoes
grow potatoes life hack,False,potatoes
grow lamp potatoes,False,potatoes
does taro grow like potatoes,False,potatoes
grow large potatoes,False,potatoes
is it too late to grow potatoes,False,potatoes
grow lettuce potatoes,False,potatoes
grow potatoes in leaves,False,potatoes
grow potatoes time lapse,False,potatoes
grow potatoes minecraft,False,potatoes
grow potatoes melbourne,False,potatoes
grow potatoes mn,False,potatoes
grow potatoes manure,False,potatoes
grow potatoes mulch,False,potatoes
grow mini potatoes,False,potatoes
grow more potatoes,False,potatoes
grow my potatoes,False,potatoes
grow potatoes on mars,False,potatoes
grow potatoes in malaysia,False,potatoes
grow potatoes nz,False,potatoes
grow potatoes no soil,False,potatoes
grow potatoes next to,False,potatoes
grow potatoes nsw,False,potatoes
grow potatoes no dirt,False,potatoes
grow potatoes near apple trees,False,potatoes
grow new potatoes,False,potatoes
grow new potatoes for christmas,False,potatoes
grow potatoes on balcony,False,potatoes
grow potatoes outdoors,False,potatoes
grow potatoes ontario,False,potatoes
grow potatoes on patio,False,potatoes
grow potatoes on a farm,False,potatoes
grow potatoes on a bucket,False,potatoes
grow potatoes on the ground,False,potatoes
grow potatoes over winter,False,potatoes
grow potatoes on your patio,False,potatoes
grow potatoes perth,False,potatoes
grow potatoes pot,False,potatoes
grow potatoes planter,False,potatoes
grow potatoes plants,False,potatoes
grow purple potatoes,False,potatoes
planting potatoes grow bags,False,potatoes
plant potatoes in grow bags,False,potatoes
grow potatoes from potatoes uk,False,potatoes
grow potatoes queensland,False,potatoes
grow potatoes in qld,False,potatoes
how to grow potatoes quickly,False,potatoes
do potatoes grow quickly,False,potatoes
grow potatoes raised bed,False,potatoes
grow potatoes rhs,False,potatoes
grow potatoes reddit,False,potatoes
grow potatoes raised garden,False,potatoes
grow potatoes root,False,potatoes
how to grow potatoes reddit,False,potatoes
grow rooster potatoes,False,potatoes
grow roses potatoes,False,potatoes
grow potatoes in raised beds,False,potatoes
grow potatoes sun or shade,False,potatoes
grow potatoes shade,False,potatoes
grow potatoes straw,False,potatoes
grow potatoes sydney,False,potatoes
grow potatoes small space,False,potatoes
grow potatoes sun,False,potatoes
grow potatoes season,False,potatoes
grow potatoes soil,False,potatoes
grow potatoes schools,False,potatoes
grow potatoes texas,False,potatoes
grow potatoes tyres,False,potatoes
grow potatoes tires,False,potatoes
grow potatoes tasmania,False,potatoes
grow potatoes tower,False,potatoes
grow potatoes that have sprouted,False,potatoes
potatoes grow time,False,potatoes
grow potatoes in the winter,False,potatoes
grow potatoes uk,False,potatoes
grow potatoes under straw,False,potatoes
grow potatoes under hay,False,potatoes
grow potatoes under plastic,False,potatoes
grow potatoes under black plastic,False,potatoes
grow potatoes under led,False,potatoes
potatoes grow under the ground,False,potatoes
potatoes grow underground,False,potatoes
potatoes grow up,False,potatoes
grow sweet potatoes uk,False,potatoes
grow potatoes vertically,False,potatoes
grow potatoes video,False,potatoes
grow potatoes victoria,False,potatoes
grow potatoes virginia,False,potatoes
grow potatoes va,False,potatoes
grow potatoes vancouver bc,False,potatoes
grow vivaldi potatoes,False,potatoes
grow vegetables potatoes,False,potatoes
grow sweet potatoes vertically,False,potatoes
grow sweet potatoes vines,False,potatoes
grow potatoes without soil,False,potatoes
grow potatoes without hilling,False,potatoes
grow potatoes with straw,False,potatoes
grow potatoes with,False,potatoes
grow potatoes winter,False,potatoes
grow potatoes with tomatoes,False,potatoes
grow potatoes without seeds,False,potatoes
grow potatoes with hay,False,potatoes
grow potatoes when to harvest,False,potatoes
grow potatoes when,False,potatoes
grow potatoes for xmas,False,potatoes
grow potatoes year round,False,potatoes
grow potatoes youtube,False,potatoes
grow your potatoes,False,potatoes
grow sweet potatoes youtube,False,potatoes
youtube grow potatoes bag,False,potatoes
potatoes grow your own,False,potatoes
grow yellow potatoes,False,potatoes
grow your potatoes in a bag,False,potatoes
youtube how to grow potatoes,False,potatoes
grow potatoes zone 7,False,potatoes
grow potatoes zone 8,False,potatoes
grow potatoes zone 6,False,potatoes
grow potatoes zone 9,False,potatoes
grow potatoes zone 5,False,potatoes
grow potatoes zone 4,False,potatoes
grow sweet potatoes zone 6,False,potatoes
grow sweet potatoes zone 7,False,potatoes
when to grow potatoes zone 9b,False,potatoes
how to grow potatoes zone 3,False,potatoes
irrigate tomatoes,False,tomatoes
watering tomatoes drip irrigation,False,tomatoes
tomato irrigation dripper,False,tomatoes
tomato irrigation emitters,False,tomatoes
irrigation for tomato plants,False,tomatoes
irrigation for tomato,False,tomatoes
irrigation for tomatoes,False,tomatoes
tomatoes irrigation farming,False,tomatoes
irrigation frequency tomato,False,tomatoes
drip irrigation tomatoes gph,False,tomatoes
drip irrigation tomatoes greenhouse,False,tomatoes
tomato irrigation management,False,tomatoes
irrigation of tomato,False,tomatoes
irrigation of tomato plants,False,tomatoes
irrigation of tomatoes,False,tomatoes
irrigation of tomato crop,False,tomatoes
irrigation tomato plants,False,tomatoes
irrigate tomato plants,False,tomatoes
irrigation tomato project,False,tomatoes
tomato irrigation requirement,False,tomatoes
tomato irrigation scheduling,False,tomatoes
tomato irrigation system,False,tomatoes
tomatoes irrigation system,False,tomatoes
irrigation scheduling tomatoes,False,tomatoes
irrigation with tomatoes,False,tomatoes
irrigate potatoes,False,potatoes
potato irrigation cost,False,potatoes
irrigation for potatoes,False,potatoes
irrigation for potato,False,potatoes
irrigated potato fields,False,potatoes
irrigate in potatoes,False,potatoes
potato irrigation management,False,potatoes
potato irrigation methods,False,potatoes
irrigation of potatoes,False,potatoes
irrigation of potato,False,potatoes
irrigation potato production,False,potatoes
irrigated potato planting,False,potatoes
potato irrigation quantity,False,potatoes
potato irrigation rates,False,potatoes
potato irrigation regime,False,potatoes
irrigating sweet potatoes,False,potatoes
potato irrigation scheduling,False,potatoes
potato irrigation systems,False,potatoes
potato irrigation south africa,False,potatoes
irrigation potatoes uk,False,potatoes
potato irrigation water requirements,False,potatoes
potato irrigation water,False,potatoes
